Compliance Notice: Personal information of EU and California residents are no longer included. Visit https://builtwith.com/compliance for options and more information. Do Not Contact entries are self removed from BuiltWith. Please see https://builtwith.com/terms - this is not a list of emails to spam.,,,,,,,,,,,,,,,,,,,,,,,,,,,,,,,,,
Domain,Location on Site,Tech Spend USD,Sales Revenue USD,Company,Vertical,Tranco,Page Rank,Majestic,Umbrella,Telephones,Emails,Twitter,Facebook,LinkedIn,Google,Pinterest,GitHub,Instagram,Vk,Vimeo,Youtube,TikTok,People,City,State,Zip,Country,First Detected,Last Found,First Indexed,Last Indexed,Exclusion,Compliance
ballotpedia.org,ballotpedia.org,"$5,000 ",,Ballotpedia,Law  Govt And Politics,321,3613,2809,21909,ph:,links@ballotpedia.org;jimmy.ardis@ballotpedia.org;jaime.beran@ballotpedia.org;ryan.byrne@ballotpedia.org;baileyludlam@ballotpedia.org;justin.haas@ballotpedia.org;megan.busse@ballotpedia.org;lauren.rodgers@ballotpedia.org;bdludlam@ballotpedia.org;johanna.herman@ballotpedia.org;jennifer.springer@ballotpedia.org;joshaltic@ballotpedia.org;joel.williams@ballotpedia.org;errors@ballotpedia.org;geoff.pallay@ballotpedia.org;maresa.strano@ballotpedia.org;gtjanetka@ballotpedia.org;statelegislatures@ballotpedia.org;sarah.rosier@ballotpedia.org;aortiz@ballotpedia.org;editor@ballotpedia.org;media@ballotpedia.org,,,,,,,,,,,,N/A - Unknown - n/a@ballotpedia.org,,,,,10/5/2017,6/26/2021,1/6/2009,6/26/2021,-,-
baseball-reference.com,baseball-reference.com,$500 ,,Sports Reference LLC,Sports,421,4703,7281,11880,ph:+1-800-778-7879;+1-800-543-2613,,https://twitter.com/baseball_ref,https://facebook.com/baseball.reference,,,,,,,,,,N/A - Unknown - noemail,Fort Johnson,NY,12070,US,3/2/2021,6/2/2021,12/31/2004,6/26/2021,-,-
basketball-reference.com,basketball-reference.com,$250 ,,Sports Reference LLC,Sports,243,301276,12054,16508,ph:+1-800-660-5292;+61-28-6411000;+61-749-281811;+61-240-510200;+1-219-251-2017;+1-218-714-1992;+61-745-629501;+1-201-230-1990;+1-212-228-1992,,,https://facebook.com/basketball.reference,,,,,https://instagram.com/basketball.reference,,,,,,Philadelphia,PA,19119,US,3/2/2021,6/2/2021,10/3/2006,6/26/2021,-,-
brainly.com,brainly.com,"$2,000 ",,Brainly Inc,Science,69,18307,61368,8662,ph:,contact@brainly.com,,,,,,,,,,,,N/A - Other - noemail,New York City,NY,10016,US,9/5/2018,4/2/2021,2/1/2001,6/26/2021,-,GDPR Poland
britannica.com,britannica.com,"$10,000 ",,Britannica Inc,Science,208,455,269,5076,ph:+1-312-294-2162;+1-207-500-7843;+1-312-294-2104;+1-800-323-1229,,https://twitter.com/britannica,https://facebook.com/britannica,,,https://pinterest.com/britannica,,https://instagram.com/britannica,,,,,N/A - President - n/a@britannica.com; N/A - Csuite - n/a@britannica.com,Chicago,IL,60654,US,12/31/2009,6/7/2021,10/5/2000,6/26/2021,-,-
bustle.com,bustle.com,"$2,000 ",,Bustle,Art And Entertainment,24,2495,1050,6896,ph:,alex@bustle.com;pitches@bustle.com;bianca@bustle.com;melissah@bustle.com;hello@bustle.com;support@bustle.com;press@bustle.com,https://twitter.com/bustle,https://facebook.com/bustledotcom,,,https://pinterest.com/bustledotcom,,https://instagram.com/bustle,,,,,N/A - Analyst - n/a@bustle.com; N/A - Designer - n/a@bustle.com; N/A - Bizdev - n/a@bustle.com; N/A - Engineering - n/a@bustle.com; N/A - President - n/a@bustle.com; N/A - Csuite - n/a@bustle.com; N/A - Founder - n/a@bustle.com; N/A - Other - n/a@bustle.com,New York City,NY,10010,US,8/18/2013,6/26/2021,10/22/2003,6/26/2021,-,-
buzzfeed.com,buzzfeed.com,"$10,000 ",,BuzzFeed Inc,Art And Entertainment,12,179,222,2104,ph:,julie.gerstein@buzzfeed.com;sheera.frenkel@buzzfeed.com;michael.rusch@buzzfeed.com;sports@buzzfeed.com;scott@buzzfeed.com;adrian.c@buzzfeed.com;chris.geidner@buzzfeed.com;gavon@buzzfeed.com;mallory.mcinnis@buzzfeed.com;jessica.probus@buzzfeed.com;alanna.okun@buzzfeed.com;evan@buzzfeed.com;andrew.kaczynski@buzzfeed.com;sapna.maheshwari@buzzfeed.com;princesscuteyface@buzzfeed.com;matthew.bellassai@buzzfeed.com;sami.main@buzzfeed.com;chelsea.marshall@buzzfeed.com;summer@buzzfeed.com;jack@buzzfeed.com;bugs@buzzfeed.com;support@buzzfeed.com;tiger.souvannakoumane@buzzfeed.com;molly.pelavin@buzzfeed.com;eric.larson@buzzfeed.com;angela.corbelli@buzzfeed.com;tarn.susumpow@buzzfeed.com;karolina.waclawiak@buzzfeed.com;rachel.sanders@buzzfeed.com;tomi.obaro@buzzfeed.com;bim.adewunmi@buzzfeed.com;pier.dominguez@buzzfeed.com;stephen.laconte@buzzfeed.com;ben.henry@buzzfeed.com,https://twitter.com/buzzfeed,https://facebook.com/buzzfeed,,,https://pinterest.com/buzzfeed,,https://instagram.com/buzzfeed,,,https://youtube.com/user/buzzfeedvideo,,N/A - Marketing - n/a@buzzfeed.com; N/A - Director - n/a@buzzfeed.com; N/A - Board - n/a@buzzfeed.com; N/A - Manager - n/a@buzzfeed.com; N/A - President - n/a@buzzfeed.com; N/A - Csuite - n/a@buzzfeed.com; N/A - Founder - n/a@buzzfeed.com,New York City,NY,10010,US,9/30/2008,6/28/2021,9/20/2002,6/28/2021,-,-
campingworld.com,rv.campingworld.com,"$10,000 ","$18,576,669 ",Camping World,Shopping,494,14096,23414,16199,ph:+1-800-242-1227;+1-866-968-7046;+1-800-438-2542;+1-800-234-3450;+1-540-735-1100;+1-844-430-9599;+1-844-648-4750;+1-866-829-8141;+1-616-455-3250;+1-203-682-8200,rrahe@campingworld.com;kporter@campingworld.com;mikesiemens@campingworld.com;msiemens@campingworld.com;mlemonis@campingworld.com;lracine@campingworld.com;dsfolkman@campingworld.com;sfolkman@campingworld.com;maggie.mizwa@campingworld.com;drrahe@campingworld.com;bfulcher@campingworld.com;phunt@campingworld.com;pr-cwgs@campingworld.com;athornton@campingworld.com;cs@campingworld.com;cmitchell@campingworld.com;courtney.sparks@campingworld.com;steve@campingworld.com;dlewis@campingworld.com;drosa@campingworld.com,https://twitter.com/campingworld,https://facebook.com/campingworld,,,https://pinterest.com/campingworld,,https://instagram.com/campingworld,,,https://youtube.com/user/campingworldinc,,N/A - Director - n/a@campingworld.com; N/A - Board - n/a@campingworld.com,Winchester,VA,22602,US,12/28/2020,6/2/2021,1/3/2011,6/29/2021,-,-
cars.com,cars.com,"$10,000 ",,Cars.com LLC,Automotive And Vehicles,120,9167,3780,5418,ph:+1-312-344-4500;+1-800-837-9017;+1-312-601-5755;+1-800-298-1460;+1-312-601-5115;+1-908-603-8009;+1-706-405-3314,nationalsales@cars.com;editor@cars.com;feedback@cars.com;legal@cars.com,https://twitter.com/carsdotcom,https://facebook.com/carsdotcom,https://linkedin.com/company/cars-com,,,,https://instagram.com/carsdotcom,,,https://youtube.com/user/carscom,,N/A - Other - n/a@cars.com; N/A - Marketing - n/a@cars.com; N/A - Sales - n/a@cars.com; N/A - President - n/a@cars.com; N/A - Csuite - n/a@cars.com,Chicago,IL,60604,US,5/21/2013,6/12/2021,9/30/2010,6/26/2021,-,-
cc.com,cc.com,"$10,000 ",,Viacom International Inc,Science,1388,2989,1334,40107,ph:+1-201-422-6630,,https://twitter.com/southpark,https://facebook.com/southpark,,,,,https://instagram.com/southpark,,,,,N/A - Software - noemail; N/A - Director - noemail; N/A - Manager - noemail; N/A - President - noemail,New York,NY,10036,US,6/30/2016,6/9/2021,2/29/2000,6/29/2021,-,-
cheatsheet.com,cheatsheet.com,"$2,000 ",,Showbiz Cheat Sheet,Art And Entertainment,19,11704,3092,11857,ph:,support@wallstcheatsheet.com;feedback@cheatsheet.com;tips@cheatsheet.com;submissions@cheatsheet.com;tech@cheatsheet.com;adops@cheatsheet.com;support@cheatsheet.com;press@cheatsheet.com,https://twitter.com/cheatsheet,https://facebook.com/wallstcheatsheet,https://linkedin.com/company/the-cheat-sheet,,https://pinterest.com/thecheatsheet,,https://instagram.com/showbizcheatsheet,,,,,N/A - Bizdev - noemail; N/A - Software - noemail; N/A - Other - noemail; N/A - Director - noemail; N/A - Manager - noemail; N/A - President - noemail; N/A - Csuite - noemail,Asheville,NC,28801,US,3/3/2015,6/16/2021,2/29/2000,6/26/2021,-,-
chicagotribune.com,chicagotribune.com,"$10,000 ",,Chicago Tribune,Sports,402,332,331,4091,ph:+1-312-222-5934;+1-847-755-8913;+1-312-526-3116;+1-773-661-2468;+1-312-595-7437;+1-773-278-6600;+1-815-356-9212;+61-4-46021318;+1-800-251-2714;+1-773-782-0450,chicagomobile@chicagotribune.com;readerhelp@chicagotribune.com;ctc-tribletter@chicagotribune.com;jwoelffer@chicagotribune.com;shaimurphy@chicagotribune.com;mcrepeau@chicagotribune.com;tips@chicagotribune.com;jmeisner@chicagotribune.com;jgorner@chicagotribune.com;hdardick@chicagotribune.com;sports@chicagotribune.com;nmetz@chicagotribune.com;mwisniewski@chicagotribune.com;consumerservices@chicagotribune.com;pdnewsletters@chicagotribune.com;thingstodo@chicagotribune.com;commentary@chicagotribune.com;editor@chicagotribune.com;cwolfram@chicagotribune.com;pkendall@chicagotribune.com;jmccormick@chicagotribune.com;kmcqueary@chicagotribune.com;business@chicagotribune.com;ct-arts@chicagotribune.com;sunday@chicagotribune.com,https://twitter.com/chicagotribune,https://facebook.com/chicagotribune,,,https://pinterest.com/chicagotribune,,https://instagram.com/chicagotribune,,,https://youtube.com/user/chicagotribune,,N/A - Other - n/a@chicagotribune.com; N/A - President - n/a@chicagotribune.com,Chicago,IL,60611,US,7/10/2013,6/19/2021,8/14/2000,6/29/2021,-,-
chron.com,chron.com,"$10,000 ",,Houston Chronicle Co,Business And Industrial,1758,1771,529,7833,ph:+1-713-362-7171;+1-713-362-7211;+1-212-649-2020;+1-713-362-3131;+1-877-833-7397;+1-800-728-8391;+1-800-778-7879;+1-916-445-1254;+1-800-952-5210;+1-281-378-1000,readerrep@chron.com;viewpoints@chron.com;permissions@chron.com;help@chron.com;privacy@chron.com;dale.lezon@chron.com;molly.glentzer@chron.com;max.kranl@chron.com;anna.gallegos@chron.com;jeffrey.martin@chron.com;brian.mctaggart@chron.com;hillary.sorin@chron.com;jana.kasperka@chron.com;regina.garciacano@chron.com;mike.morris@chron.com;bernardo.fallas@chron.com;caroline.ward@chron.com;liz.peterson@chron.com;alex.yap@chron.com;sylvia.wood@chron.com;feedback@chron.com,https://twitter.com/chron,https://facebook.com/chroncom,https://linkedin.com/company/houston-chronicle,,https://pinterest.com/houstonchron,,https://instagram.com/houstonchron,,,,,,Houston,TX,77210,US,12/18/2011,6/26/2021,2/29/2000,6/28/2021,-,-
cinemablend.com,cinemablend.com,"$5,000 ",,Cinema Blend LLC,Art And Entertainment,1383,8876,3169,13169,ph:,screening@cinemablend.com;josh@cinemablend.com;mack@cinemablend.com;katey@cinemablend.com;mackrawden@cinemablend.com;william@cinemablend.com;eric@cinemablend.com;matt@cinemablend.com,https://twitter.com/cinemablend,https://facebook.com/cinemablendcom,,,https://pinterest.com/cinemablend,,https://instagram.com/cinemablend,,,https://youtube.com/user/cinemablendhd,,N/A - Marketing - n/a@cinemablend.com; N/A - Sales - n/a@cinemablend.com; N/A - Director - n/a@cinemablend.com; N/A - Manager - n/a@cinemablend.com; N/A - President - n/a@cinemablend.com; N/A - Csuite - n/a@cinemablend.com; N/A - Founder - n/a@cinemablend.com,,,,,10/2/2008,6/7/2021,10/16/2004,6/26/2021,-,-
city-data.com,city-data.com,$50 ,,Advameg Inc,Technology And Computing,536,9161,2854,15744,ph:+1-844-346-1463,legal@city-data.com,,,,,,,,,,,,N/A - Unknown - noemail; N/A - Other - noemail,Young America,MN,55555,US,9/30/2008,6/26/2021,10/1/2007,6/27/2021,-,-
click2houston.com,click2houston.com,"$10,000 ",,Click2Houston  Houston News  Texas News  Weather  Sports  KPRC 2,Law  Govt And Politics,348,14040,4340,13005,ph:+1-713-547-3033;+1-281-332-3381;+1-713-778-8900;+1-713-778-4745,,,https://facebook.com/houstonfoodpark,,,,,,,,,,N/A - Analyst - noemail; N/A - Director - noemail; N/A - President - noemail,Houston,TX,77074,US,1/3/2011,3/4/2021,1/3/2011,6/26/2021,-,-
comicbook.com,comicbook.com,"$5,000 ",,Comicbook.com LLC,Art And Entertainment,75,4857,3193,8956,ph:+1-615-630-4203;+1-615-879-3796,editor@comicbook.com;advertising@comicbook.com;bobby@comicbook.com;press@comicbook.com;support@comicbook.com;ssavage@comicbook.com,https://twitter.com/comicbook,https://facebook.com/comicbookdotcom,,,,,https://instagram.com/comicbook,,,https://youtube.com/user/comicbookcom,,N/A - Other - noemail; N/A - Director - noemail; N/A - Csuite - noemail,Brentwood,TN,37027,US,2/15/2018,6/2/2021,11/29/2001,6/28/2021,-,-
coursehero.com,coursehero.com,"$5,000 ",,Course Hero Inc,Education,417,12093,12553,8887,ph:+1-408-716-3204;+1-866-634-9397,advertising@coursehero.com;support@coursehero.com;privacy@coursehero.com;billing@coursehero.com,https://twitter.com/coursehero,https://facebook.com/coursehero,https://linkedin.com/company/coursehero,,https://pinterest.com/coursehero,https://github.com/course-hero,https://instagram.com/coursehero,,,https://youtube.com/user/courseherovideo,,N/A - Csuite - n/a@coursehero.com; N/A - Other - n/a@coursehero.com,Redwood City,CA,94063,US,6/8/2018,6/2/2021,4/8/2008,6/26/2021,-,California CCPA
cracked.com,cracked.com,"$2,000 ",,Demand Media Inc,Art And Entertainment,673,2568,2558,14396,ph:+1-425-298-2780;+1-310-828-6531;+1-800-952-5210;+1-360-474-3324,webeditor@cracked.com;xxxxx@cracked.com,https://twitter.com/cracked,https://facebook.com/cracked,,,https://pinterest.com/cracked,,https://instagram.com/cracked,,,https://youtube.com/user/cracked,,N/A - Other - n/a@cracked.com; N/A - Director - n/a@cracked.com; N/A - Manager - n/a@cracked.com; N/A - Csuite - n/a@cracked.com,Kirkland,WA,98033,US,9/30/2008,6/26/2021,11/28/2001,6/26/2021,-,-
kiwireport.com,kiwireport.com,"$1,000 ",,,Business And Industrial,567,398972,343110,Outside Top 1m,ph:,info@kiwireport.com,https://twitter.com/kiwireportfeed,https://facebook.com/followkiwireport,,,,,,,,,,,,,,,4/27/2016,6/26/2021,12/21/2015,6/26/2021,-,-
knowyourmeme.com,knowyourmeme.com,"$2,000 ",,Cheezburger Inc,Art And Entertainment,154,2131,1036,13985,ph:,brad@knowyourmeme.com;bans@knowyourmeme.com;research@knowyourmeme.com;otha93287@knowyourmeme.com;scott44489@knowyourmeme.com;ari@knowyourmeme.com,https://twitter.com/knowyourmeme,https://facebook.com/knowyourmeme,,,https://pinterest.com/knowyourmeme,,,,https://vimeo.com/knowyourmeme,https://youtube.com/user/knowyourmeme,,N/A - Unknown - n/a@knowyourmeme.com,Seattle,WA,98119,US,1/1/2010,6/26/2021,1/5/2009,6/26/2021,-,-
kohls.com,kohls.com,"$10,000 ","$10,620,578 ",Kohl's Illinois Inc,Shopping,87,10063,4144,2941,ph:+1-866-887-8884;+1-727-231-5096;+1-312-646-3825;+1-262-703-1515;+1-262-703-7000,customer.service@kohls.com;pinterest@kohls.com;directors@kohls.com;tami.kou@kohls.com;molly.verette@kohls.com;kristen.cunningham@kohls.com;jen.johnson@kohls.com;vicki.shamion@kohls.com;facebook@kohls.com;ale.owens@kohls.com;andrew.thorsen@kohls.com;jacquelyn.kacala@kohls.com;rebecca.sherman@kohls.com;stephen.laskoski@kohls.com;julia.fennelly@kohls.com;amanda.cunningham@kohls.com;desta.davis@kohls.com;jam.stewart@kohls.com;green@kohls.com;sydney.hofer@kohls.com;david.nyhuis@kohls.com;privacy@kohls.com,https://twitter.com/kohls,https://facebook.com/kohls,,,https://pinterest.com/kohls,,https://instagram.com/kohls,,,,,N/A - Unknown - n/a@kohls.com; N/A - Csuite - n/a@kohls.com,Menomonee Falls,WI,53051,US,7/10/2013,6/12/2021,10/8/2000,6/26/2021,-,-
nationalgeographic.com,nationalgeographic.com,"$10,000 ",,National Geographic Society,Family And Parenting,405,151,152,6096,ph:+1-800-647-5463;+1-801-783-2144;+1-800-437-5521;+1-202-857-7027;+1-800-777-2800;+1-844-211-2070;+1-202-775-7800,askngs@nationalgeographic.com;infringementnotice@nationalgeographic.com;ngsforum@nationalgeographic.com;newsdesk@nationalgeographic.com;kids@nationalgeographic.com;ngt@nationalgeographic.com;bhart@nationalgeographic.com;adteam@nationalgeographic.com;xpeditions@nationalgeographic.com;coffee@nationalgeographic.com;home@nationalgeographic.com;yyetege@nationalgeographic.com;gaw@nationalgeographic.com;cats@nationalgeographic.com;echristenberry@nationalgeographic.com;chimein@nationalgeographic.com;crittercam@nationalgeographic.com;voices@nationalgeographic.com;matt@nationalgeographic.com;gekuugporuvio@nationalgeographic.com,https://twitter.com/genographic,https://facebook.com/genographic,,,,,,,,,,N/A - Analyst - n/a@nationalgeographic.com; N/A - Designer - n/a@nationalgeographic.com; N/A - Bizdev - n/a@nationalgeographic.com; N/A - Marketing - n/a@nationalgeographic.com; N/A - Manager - n/a@nationalgeographic.com; N/A - President - n/a@nationalgeographic.com,Washington,DC,20036,US,12/14/2012,6/12/2021,10/11/2000,6/29/2021,-,-
nba.com,nba.com,"$10,000 ",,NBA PROPERTIES Inc,Careers,519,1890,695,4917,ph:+1-855-438-0683;+1-844-622-8550;+1-212-223-5159;+1-800-778-7879;+1-956-972-1144;+44-845-1212018;+1-602-379-7922;+1-800-769-8843;+1-206-925-5000,customerservice@email.store.nba.com;dmca@nba.com;fanrelations@nba.com,https://twitter.com/nbacom,https://facebook.com/nbastore,https://linkedin.com/company/canton-charge,,,,https://instagram.com/nbastore,,,https://youtube.com/user/nbagleague,,N/A - Other - n/a@nba.com; N/A - Director - n/a@nba.com; N/A - President - n/a@nba.com; N/A - Csuite - n/a@nba.com,Portland,OR,97227,US,3/26/2013,6/28/2021,1/29/2003,6/29/2021,-,-
nbcsports.com,nbcsports.com,"$10,000 ",,NBC Sports,Sports,170,2367,1666,2572,ph:+1-916-445-1254;+1-800-952-5210;+1-904-407-8923;+1-877-675-6323,support@nbcsports.com,https://twitter.com/nbcsports,https://facebook.com/nbcsports,,,,,https://instagram.com/nbcsports,,,,,N/A - Designer - n/a@nbcsports.com; N/A - Bizdev - n/a@nbcsports.com; N/A - Director - n/a@nbcsports.com,Stamford,CT,6901,US,12/18/2011,4/27/2021,9/30/2007,6/26/2021,-,California CCPA
nesn.com,nesn.com,"$10,000 ",,New England Sports Network Inc,Sports,62,27986,13967,27944,ph:+1-617-536-9233;+1-617-536-7814,sports@nesn.com;online@nesn.com;tech@nesn.com;nesncomhelp@nesn.com;nesngohelp@nesn.com,https://twitter.com/nesncareers,,,,,,,,,,,,Watertown,MA,2472,US,1/3/2011,6/24/2021,1/3/2011,6/26/2021,-,-
newarena.com,newarena.com,"$1,000 ",,,Sports,74,747526,439599,20248,ph:,admin@newarena.com,https://twitter.com/thenewarena,https://facebook.com/thenewarena,,,,,,,,,,N/A - Consultant - noemail; N/A - Manager - noemail; N/A - Founder - noemail,Calabasas,CA,91302,US,2/10/2016,6/7/2021,6/20/2015,6/26/2021,-,California CCPA
newyorker.com,newyorker.com,"$10,000 ",,The New Yorker,Art And Entertainment,93,178,275,4402,ph:+1-515-243-3273;+1-800-444-7570;+1-800-952-5210;+1-212-286-2860,themail@newyorker.com;fiction@newyorker.com;help@newyorker.com;nick_lemann@newyorker.com;joe_klein@newyorker.com;jane_mayer@newyorker.com;david_remnick@newyorker.com;shouts@newyorker.com;webcomments@newyorker.com;subscriptions@newyorker.com;jaime_leifer@newyorker.com;emily_kan@newyorker.com;poetry@newyorker.com;asktheauthor@newyorker.com;marii_sebahar@newyorker.com;newsbreaks@newyorker.com;cookman_campbell@newyorker.com;talkofthetown@newyorker.com;jacob_lewis@newyorker.com;patti_chapman@newyorker.com;afiction@newyorker.com,https://twitter.com/newyorker,https://facebook.com/newyorker,,,,,https://instagram.com/newyorkermag,,,https://youtube.com/user/newyorkerdotcom,,N/A - Analyst - noemail; N/A - Director - noemail; N/A - Manager - noemail,New York City,NY,10007,US,3/6/2017,6/7/2021,3/1/2000,6/26/2021,-,-
nfl.com,nfl.com,"$10,000 ",,NFL Enterprises LLC,Technology And Computing,1679,1745,1159,4660,ph:+1-212-450-2528;+1-916-445-1254;+1-800-735-0274;+1-202-838-0778;+1-252-227-7013;+1-866-235-7909;+1-800-952-5210,gamepass.support@nfl.com;nflgamepass.support@nfl.com;nflprivacy@nfl.com;caprivacyrights@nfl.com;notices@nfl.com;nflrushsafety@nfl.com;brian.mccarthy@nfl.com;roger.goodell@nfl.com;askvic@nfl.com;clare.graff@nfl.com;joanna.hunter@nfl.com;askfabiano@nfl.com;mike.huguenin@nfl.com;nfl.auction@nfl.com;enquiries@nfl.com;alan.kendall@nfl.com;playbook@nfl.com;darlene.capiro@nfl.com;dan.masonson@nfl.com;sabol.nflfilms@nfl.com;dmcaagent@nfl.com;community@nfl.com,https://twitter.com/nflfilms,https://facebook.com/nflfilms,,,,,https://instagram.com/nflup,,,,,N/A - Bizdev - n/a@nfl.com; N/A - Director - n/a@nfl.com,New York City,NY,10154,US,1/2/2014,6/12/2021,10/16/2000,6/29/2021,-,-
nickiswift.com,nickiswift.com,$500 ,,Static Media,Law  Govt And Politics,44,310346,52552,21317,ph:+1-347-754-7130,,https://twitter.com/nickiswiftceleb,https://facebook.com/nickiswiftceleb,,,https://pinterest.com/nickiswiftceleb,,https://instagram.com/nickiswiftceleb,,,,,,New York City,NY,10016,US,3/16/2016,6/26/2021,12/14/2015,6/26/2021,-,-
nj.com,nj.com,"$10,000 ",,New Jersey On Line LLC,Science,823,6301,978,8144,ph:+1-201-468-5101;+1-856-384-8729;+1-609-989-5739;+1-908-782-6572;+1-800-300-9321,digitalservice@nj.com,https://twitter.com/njdotcom,https://facebook.com/nj.com,https://linkedin.com/company/nj.com,,https://pinterest.com/njdotcom,,https://instagram.com/njdotcom,,,,,N/A - Founder - n/a@nj.com,Iselin,NJ,,US,10/1/2011,6/24/2021,2/28/2000,6/26/2021,-,-
ny.gov,cityofjohnstown.ny.gov;nyserda.ny.gov;greenbank.ny.gov,"$10,000 ",,NYS Office of Information Technology Services,Law  Govt And Politics,422,1680,549,2771,ph:+1-518-474-2418;+1-518-271-0886;+1-800-342-3009;+1-716-683-5959;+1-212-709-1655;+1-518-474-5473;+1-518-426-3995,magazine@dec.ny.gov;counsel@dfs.ny.gov,https://twitter.com/NYGov,https://facebook.com/nysdec,,,https://pinterest.com/nystateparks,,https://instagram.com/nysdec,,,https://youtube.com/user/nysogs,,N/A - Director - n/a@ny.gov; N/A - Board - n/a@ny.gov,Albany,NY,12203,US,8/8/2017,3/4/2021,9/30/2007,6/28/2021,-,-
observer.com,observer.com,"$5,000 ",,Observer,Travel,730,2226,637,28370,ph:+1-212-407-9375;+1-800-796-9876;+1-212-407-9367;+1-800-571-7363,rreiss@observer.com;legalads@observer.com;glillie@observer.com;sales@observer.com;billing@observer.com;editorial@observer.com;tech@observer.com;rreed@observer.com;tips@observer.com,https://twitter.com/observer,https://facebook.com/observer,https://linkedin.com/company/observer-media,,,,https://instagram.com/observer,,,,,N/A - Bizdev - n/a@observer.com,New York City,NY,10036,US,1/3/2008,6/7/2021,10/17/2000,6/28/2021,-,-
oregonlive.com,oregonlive.com,"$10,000 ",,Oregon Live LLC,Business And Industrial,1386,752,1092,10804,ph:+1-212-743-6590;+1-503-221-8240;+1-800-778-7879;+1-503-294-4026;+1-503-782-5730;+1-503-221-8227;+1-503-294-4072;+1-503-294-5914;+1-503-294-7606,comments@oregonlive.com,https://twitter.com/oregonian,https://facebook.com/findnsave,https://linkedin.com/company/the-oregonian,,https://pinterest.com/findnsave,,https://instagram.com/theoregonian,,,https://youtube.com/user/oregoniannews,,N/A - Account - n/a@oregonlive.com; N/A - Director - n/a@oregonlive.com; N/A - Manager - n/a@oregonlive.com; N/A - President - n/a@oregonlive.com,New York City,NY,10007,US,9/4/2011,6/24/2021,2/28/2000,6/26/2021,-,-
outsideonline.com,outsideonline.com,"$10,000 ",,Outside Magazine,Sports,256,5273,2541,17135,ph:+1-505-989-7100;+1-800-352-5267,ort@outsideonline.com;support@outsideonline.com,https://twitter.com/outsidemagazine,https://facebook.com/outsidemagazine,https://linkedin.com/company/outside-magazine,,https://pinterest.com/outsidemagazine,,https://instagram.com/outsidemagazine,,,,,N/A - Bizdev - n/a@outsideonline.com; N/A - Marketing - n/a@outsideonline.com; N/A - Sales - n/a@outsideonline.com; N/A - Director - n/a@outsideonline.com; N/A - Board - n/a@outsideonline.com; N/A - Manager - n/a@outsideonline.com; N/A - President - n/a@outsideonline.com,Santa Fe,NM,87501,US,7/5/2012,6/28/2021,1/17/2000,6/28/2021,-,-
techradar.com,techradar.com,"$10,000 ",,TechRadar,Technology And Computing,2628,233,545,7657,ph:+44-30-01232220,news@techradar.com;team@techradar.com,,https://facebook.com/techradar,,,,,,,,https://youtube.com/user/techradar,,N/A - Bizdev - noemail; N/A - Unknown - noemail; N/A - Director - noemail; N/A - Founder - noemail,Bath,ENG,BA1,GB,2/16/2018,6/26/2021,1/10/2008,6/27/2021,-,GDPR United Kingdom
thechive.com,thechive.com,"$10,000 ",,The Chive,Food And Drink,84,10538,8191,9546,ph:,submit@thechive.com,https://twitter.com/thechive,https://facebook.com/thechive,,,,,https://instagram.com/thechive,,,,,,Manhattan Beach,CA,90266,US,1/3/2011,6/28/2021,1/3/2011,6/28/2021,-,California CCPA
theepochtimes.com,theepochtimes.com,"$1,000 ",,Epoch Times,Art And Entertainment,107,754,1601,5449,ph:+1-212-239-2808;+1-646-213-1219;+1-214-682-7788;+1-617-812-6356;+1-703-852-7345;+1-917-905-2080;+1-626-401-1221;+1-408-495-3450;+1-202-591-1696,,https://twitter.com/epochtimes,https://facebook.com/epochtimes,,,,,,,,,,N/A - Other - noemail; N/A - Marketing - noemail; N/A - Board - noemail; N/A - President - noemail,Houston,TX,77036,US,10/16/2010,6/7/2021,1/6/2009,6/28/2021,-,-
thekitchn.com,thekitchn.com,"$5,000 ",,Apartment Therapy LLC,Food And Drink,47,5860,1948,10274,ph:+1-212-966-7174;+1-801-996-7174;+1-800-778-7879,kitchncure@thekitchn.com;cookingcure@thekitchn.com;emma@thekitchn.com;cambria@thekitchn.com;faith@thekitchn.com;sarakate@thekitchn.com;ariel@thekitchn.com;anjali@thekitchn.com;kelli@thekitchn.com;lauren@thekitchn.com;cure@thekitchn.com;kristin@thekitchn.com;christine@thekitchn.com;ristine@thekitchn.com,https://twitter.com/thekitchn,,,,https://pinterest.com/thekitchn,,https://instagram.com/thekitchn,,,,,N/A - Analyst - n/a@thekitchn.com; N/A - Designer - n/a@thekitchn.com; N/A - Bizdev - n/a@thekitchn.com; N/A - Support - n/a@thekitchn.com; N/A - Account - n/a@thekitchn.com; N/A - Software - n/a@thekitchn.com; N/A - Engineering - n/a@thekitchn.com; N/A - Other - n/a@thekitchn.com; N/A - Marketing - n/a@thekitchn.com; N/A - Sales - n/a@thekitchn.com; N/A - Director - n/a@thekitchn.com; N/A - Manager - n/a@thekitchn.com; N/A - President - n/a@thekitchn.com; N/A - Csuite - n/a@thekitchn.com,New York City,NY,10012,US,5/15/2008,6/7/2021,5/15/2008,6/26/2021,-,-
thelist.com,thelist.com,$250 ,,Static Media,Law  Govt And Politics,104,358524,20508,22630,ph:+1-650-350-1423,,https://twitter.com/thelistdaily,https://facebook.com/thelistdaily,,,https://pinterest.com/thelistdaily,,https://instagram.com/thelistdaily,,,,,,New York City,NY,10016,US,7/15/2015,6/26/2021,1/3/2011,6/26/2021,-,California CCPA
thepennyhoarder.com,thepennyhoarder.com,"$5,000 ",,The Penny Hoarder,Finance,2126,301226,14153,13062,ph:,askkyle@thepennyhoarder.com;media@thepennyhoarder.com;advertise@thepennyhoarder.com;editor@thepennyhoarder.com;press@thepennyhoarder.com;feedback@thepennyhoarder.com;support@thepennyhoarder.com,https://twitter.com/thepennyhoarder,https://facebook.com/thepennyhoarder,https://linkedin.com/company/thepennyhoarder,,https://pinterest.com/thepennyhoarder,,https://instagram.com/thepennyhoarder,,,,,N/A - President - noemail; N/A - Founder - noemail; N/A - Other - noemail,Pompano Beach,FL,33062,US,4/5/2012,6/26/2021,9/4/2011,6/26/2021,-,-
theverge.com,theverge.com,"$5,000 ",,The Verge,Technology And Computing,59,312,154,4546,ph:+1-202-591-1140;+1-800-549-1744;+1-800-952-5210;+1-800-862-2877,nilay@theverge.com;joshua@theverge.com;james.chae@theverge.com;ontheverge@theverge.com;rsvp@theverge.com;david@theverge.com;paul@theverge.com;charlesiii@theverge.com;dieter@theverge.com;tom@theverge.com;dan.seifert@theverge.com;pine.lnx.4.10.9910261337380.7863-100000@theverge.com;pine.lnx.4.04.9910290910200.16607-100000@theverge.com;sean@theverge.com;laura@theverge.com;aaron@theverge.com;chris@theverge.com;bryan@theverge.com;casey@theverge.com;tc@theverge.com;zoe@theverge.com,https://twitter.com/verge,https://facebook.com/verge,,,https://pinterest.com/theverge,,https://instagram.com/verge,,,https://youtube.com/user/theverge,,N/A - Bizdev - n/a@theverge.com; N/A - Software - n/a@theverge.com; N/A - Marketing - n/a@theverge.com; N/A - Director - n/a@theverge.com; N/A - Manager - n/a@theverge.com; N/A - President - n/a@theverge.com; N/A - Csuite - n/a@theverge.com; N/A - Founder - n/a@theverge.com,Washington,DC,20036,US,11/6/2011,6/25/2021,9/11/2011,6/28/2021,-,-
thoughtcatalog.com,thoughtcatalog.com,"$2,000 ","$314,554 ",Thought Catalog,Technology And Computing,63,5202,3779,26901,ph:,chris.lavergne@thoughtcatalog.com;permissions@thoughtcatalog.com;biz@thoughtcatalog.com;info@thoughtcatalog.com;copyright@thoughtcatalog.com;stephanie@thoughtcatalog.com;madison@thoughtcatalog.com;chelsea-submissions@thoughtcatalog.com;deargaystraightdude@thoughtcatalog.com;manuscripts@thoughtcatalog.com;nico@thoughtcatalog.com;chris@thoughtcatalog.com;ryan@thoughtcatalog.com;hudspeth@thoughtcatalog.com;brandon@thoughtcatalog.com;anonymous@thoughtcatalog.com;afterdark@thoughtcatalog.com;mandy-submissions@thoughtcatalog.com;brianna-submissions@thoughtcatalog.com;brianna@thoughtcatalog.com;retail@thoughtcatalog.com;press-releases@thoughtcatalog.com;privacy@thoughtcatalog.com;robbie@thoughtcatalog.com,https://twitter.com/thoughtcatalog,https://facebook.com/thoughtcatalog,,,https://pinterest.com/thoughtcatalog,,https://instagram.com/thoughtcatalog,,,,https://tiktok.com/@thethoughtcatalog,N/A - Unknown - n/a@thoughtcatalog.com; N/A - Founder - n/a@thoughtcatalog.com,Brooklyn,NY,11211,US,4/3/2011,6/7/2021,2/6/2010,6/26/2021,-,-
tiebreaker.com,tiebreaker.com,$250 ,,Novelty Magazines Ltd,Sports,543,441805,483994,81363,ph:,contact@tiebreaker.com,https://twitter.com/tiebreakermedia,https://facebook.com/tiebreakermedia,,,https://pinterest.com/tiebreakermedia,,https://instagram.com/tiebreakermedia,,,,,,La Jolla,CA,92037,US,12/25/2017,6/26/2021,1/11/2014,6/26/2021,-,California CCPA
topix.com,topix.com,"$2,000 ",,Topix LLC,Business And Industrial,1458,301035,7716,26471,ph:,recruiter@topix.com,https://twitter.com/topix,https://facebook.com/topix,,,,,,,,,,N/A - Director - n/a@topix.com; N/A - President - n/a@topix.com; N/A - Csuite - n/a@topix.com; N/A - Founder - n/a@topix.com,Palo Alto,CA,94303,US,1/3/2011,5/9/2021,1/3/2011,6/26/2021,-,California CCPA
topixoffbeat.com,topixoffbeat.com,$0 ,,,,819,1768549,Outside Top 1m,Outside Top 1m,ph:,,https://twitter.com/topixoffbeat,,,,,,,,,,,,,,,,12/11/2017,4/26/2021,11/27/2017,6/26/2021,-,-
topixstars.com,topixstars.com,$0 ,,,,1551,21081040,Outside Top 1m,Outside Top 1m,ph:,,https://twitter.com/topixstars,,,,,,,,,,,,,,,,12/11/2017,4/26/2021,11/27/2017,6/26/2021,-,-
trend-chaser.com,trend-chaser.com,"$2,000 ",,Trend Chaser,Art And Entertainment,342,590829,307070,39409,ph:,contact@trend-chaser.com;sales@trend-chaser.com;legal@trend-chaser.com,https://twitter.com/trendchasernews,https://facebook.com/trend-chaser-1762100804003272,,,https://pinterest.com/trendchaser0286,,https://instagram.com/trendchaserpage,,,,,,Encinitas,CA,92024,US,4/27/2016,6/26/2021,11/10/2015,6/26/2021,-,California CCPA
tvtropes.org,tvtropes.org,$500 ,,,Technology And Computing,1140,3451,2195,11915,ph:,thestaff@tvtropes.org,https://twitter.com/tvtropes,https://facebook.com/tvtropes,,,,,,,,,,,,,,,1/6/2013,6/7/2021,1/5/2006,6/26/2021,-,-
twentytwowords.com,twentytwowords.com,"$1,000 ",,,Health And Fitness,67,298491,18344,45047,ph:,,,,,,,,,,,,,N/A - Other - noemail; N/A - Sales - noemail; N/A - Director - noemail; N/A - Manager - noemail; N/A - Csuite - noemail; N/A - Founder - noemail,Pasadena,CA,91105,US,7/5/2012,6/2/2021,1/3/2011,6/26/2021,-,California CCPA
